{
  "epochs": [
    0,
    1,
    2,
    3,
    4,
    5,
    6,
    7,
    8,
    9,
    10,
    11,
    12,
    13,
    14,
    15,
    16,
    17,
    18,
    19,
    20,
    21,
    22,
    23,
    24,
    25,
    26,
    27,
    28,
    29,
    30,
    31,
    32,
    33,
    34,
    35,
    36,
    37,
    38,
    39,
    40,
    41,
    42,
    43,
    44,
    45,
    46,
    47,
    48,
    49,
    50,
    51,
    52,
    53,
    54,
    55,
    56,
    57,
    58,
    59,
    60,
    61,
    62,
    63,
    64,
    65,
    66,
    67,
    68,
    69,
    70,
    71,
    72,
    73,
    74,
    75,
    76,
    77,
    78,
    79,
    80,
    81,
    82,
    83,
    84,
    85,
    86,
    87,
    88,
    89,
    90,
    91,
    92,
    93,
    94,
    95,
    96,
    97,
    98,
    99
  ],
  "losses": {
    "ner": [
      213.44430541992188,
      240.4840850830078,
      190.90298461914062,
      189.6186065673828,
      189.8747100830078,
      201.00108337402344,
      143.90164184570312,
      127.03923034667969,
      100.73500061035156,
      71.19722747802734,
      41.90143585205078,
      21.570348739624023,
      23.632396697998047,
      23.128108978271484,
      25.12776756286621,
      25.07877540588379,
      26.383602142333984,
      22.238258361816406,
      23.573057174682617,
      20.276185989379883,
      18.57568359375,
      17.23473358154297,
      17.050912857055664,
      15.563254356384277,
      64.48292541503906,
      62.19020462036133,
      17.460561752319336,
      15.544549942016602,
      12.514278411865234,
      21.811222076416016,
      46.295127868652344,
      45.784706115722656,
      10.991754531860352,
      142.33241271972656,
      152.9074249267578,
      25.006601333618164,
      62.20455551147461,
      63.47166061401367,
      21.65721893310547,
      15.84450626373291,
      18.622413635253906,
      19.72968864440918,
      18.626728057861328,
      13.892806053161621,
      22.117834091186523,
      21.85331153869629,
      19.58924102783203,
      17.619447708129883,
      19.298254013061523,
      15.998400688171387,
      11.035898208618164,
      16.245685577392578,
      19.924989700317383,
      14.274147987365723,
      12.891697883605957,
      20.99415397644043,
      12.481895446777344,
      13.473002433776855,
      72.41674041748047,
      15.379487991333008,
      17.510175704956055,
      14.737645149230957,
      21.30061149597168,
      20.271543502807617,
      26.75383186340332,
      13.986084938049316,
      39.700626373291016,
      41.275611877441406,
      47.180179595947266,
      26.18390655517578,
      28.050565719604492,
      15.256535530090332,
      24.07309341430664,
      16.532297134399414,
      16.02105712890625,
      27.464895248413086,
      21.04042625427246,
      21.82243537902832,
      13.121530532836914,
      19.583518981933594,
      12.716611862182617,
      48.98313903808594,
      19.02266502380371,
      20.93842124938965,
      17.946636199951172,
      19.780548095703125,
      22.30819320678711,
      19.839963912963867,
      12.764622688293457,
      10.677643775939941,
      13.916788101196289,
      9.183236122131348,
      7.947823524475098,
      8.817511558532715,
      9.064745903015137,
      6.56045389175415,
      6.932511329650879,
      3.536818265914917,
      5.238346099853516,
      3.6032373905181885
    ]
  },
  "scores": {
    "ents_f": [
      0.0,
      0.0,
      0.0,
      0.0,
      0.0,
      0.0,
      0.0,
      0.0,
      0.0,
      0.0,
      0.0,
      0.0,
      0.0,
      0.0,
      0.0,
      0.0,
      0.0,
      0.0,
      0.0,
      0.0,
      0.0,
      0.0,
      0.0,
      0.0,
      0.0,
      0.014925373134328358,
      0.005743000717875089,
      0.004172461752433936,
      0.0013540961408259986,
      0.0,
      0.0013966480446927375,
      0.0013937282229965157,
      0.00138217000691085,
      0.0013689253935660506,
      0.002708192281651997,
      0.014637391882900867,
      0.06377551020408162,
      0.064797507788162,
      0.030864197530864192,
      0.028255528255528257,
      0.06913580246913581,
      0.0,
      0.0,
      0.0,
      0.0,
      0.0,
      0.0,
      0.0,
      0.04570722668313774,
      0.022919179734620022,
      0.022183304144775245,
      0.040632054176072234,
      0.0,
      0.0,
      0.0,
      0.0,
      0.0029673590504451044,
      0.026989297347603535,
      0.04239963915200722,
      0.04736371760500447,
      0.04232327780279154,
      0.10101010101010101,
      0.10511882998171847,
      0.27986050566695725,
      0.3264770240700219,
      0.3881520778072502,
      0.42513368983957217,
      0.4379232505643341,
      0.46428571428571425,
      0.4762757385854969,
      0.4585759068517689,
      0.4587973273942093,
      0.44953724107536364,
      0.42321116928446767,
      0.4029462738301561,
      0.40224428139835994,
      0.395338800172637,
      0.3708838821490468,
      0.35294117647058826,
      0.3323076923076923,
      0.3153674832962138,
      0.29361123697326685,
      0.27151403589507594,
      0.271889400921659,
      0.28154897494305237,
      0.34864021399910833,
      0.46777003484320556,
      0.5759656652360514,
      0.6325224071702946,
      0.6669502339430029,
      0.7041294167730949,
      0.755858542820622,
      0.8011970927746901,
      0.8102783725910064,
      0.80530594779632,
      0.8047842802221272,
      0.8148464163822524,
      0.8320545609548168,
      0.854468085106383,
      0.8691947166595654
    ],
    "ents_p": [
      0.0,
      0.0,
      0.0,
      0.0,
      0.0,
      0.0,
      0.0,
      0.0,
      0.0,
      0.0,
      0.0,
      0.0,
      0.0,
      0.0,
      0.0,
      0.0,
      0.0,
      0.0,
      0.0,
      0.0,
      0.0,
      0.0,
      0.0,
      0.0,
      0.0,
      0.0625,
      0.018779342723004695,
      0.011627906976744186,
      0.003367003367003367,
      0.0,
      0.003968253968253968,
      0.00392156862745098,
      0.003745318352059925,
      0.0035587188612099642,
      0.006734006734006734,
      0.034055727554179564,
      0.12886597938144329,
      0.1223529411764706,
      0.056818181818181816,
      0.05133928571428571,
      0.12727272727272726,
      0.0,
      0.0,
      0.0,
      0.0,
      0.0,
      0.0,
      0.0,
      0.08428246013667426,
      0.0397489539748954,
      0.03564727954971857,
      0.060810810810810814,
      0.0,
      0.0,
      0.0,
      0.0,
      0.0035629453681710215,
      0.029927760577915376,
      0.04532304725168756,
      0.0500945179584121,
      0.04514889529298751,
      0.11022044088176353,
      0.11408730158730158,
      0.2881508078994614,
      0.3375565610859729,
      0.40573012939001846,
      0.4483082706766917,
      0.46859903381642515,
      0.49056603773584906,
      0.5047438330170778,
      0.4862298195631529,
      0.4835680751173709,
      0.46831955922865015,
      0.43615107913669066,
      0.4122340425531915,
      0.4098504837291117,
      0.40281442392260336,
      0.37943262411347517,
      0.3632286995515695,
      0.3452054794520548,
      0.3323943661971831,
      0.3154819863680623,
      0.297079556898288,
      0.29797979797979796,
      0.3044334975369458,
      0.367826904985889,
      0.48118279569892475,
      0.5834782608695652,
      0.6371453138435081,
      0.6695132365499573,
      0.7074422583404619,
      0.7600685518423308,
      0.808455565142364,
      0.819047619047619,
      0.8133102852203976,
      0.8113695090439277,
      0.820446735395189,
      0.8370497427101201,
      0.8581196581196581,
      0.8740359897172236
    ],